"vdid","datacollecttime","status","vsrid","vsrdir","speed","laneoccupy","carid","volume"
"65000V005740","2016/08/13 00:54:00","3","0","0","-99","-99","L","-99"
"65000V005740","2016/08/13 00:54:00","3","0","0","-99","-99","S","-99"
"65000V005740","2016/08/13 00:54:00","3","2","0","-99","-99","L","-99"
"65000V005740","2016/08/13 00:54:00","3","2","0","-99","-99","S","-99"
"65000V005740","2016/08/13 00:54:00","3","1","0","-99","-99","L","-99"
"65000V005740","2016/08/13 00:54:00","3","1","0","-99","-99","S","-99"
"65000V005740","2016/08/13 00:54:00","3","4","1","-99","-99","L","-99"
"65000V005740","2016/08/13 00:54:00","3","4","1","-99","-99","S","-99"
"65000V005740","2016/08/13 00:54:00","3","3","1","-99","-99","L","-99"
"65000V005740","2016/08/13 00:54:00","3","3","1","-99","-99","S","-99"
"65000V005740","2016/08/13 00:54:00","3","5","1","-99","-99","L","-99"
"65000V005740","2016/08/13 00:54:00","3","5","1","-99","-99","S","-99"
"65000V006200","2016/08/13 00:54:00","0","1","0","0","0","L","0"
"65000V006200","2016/08/13 00:54:00","0","1","0","0","0","S","0"
"65000V006200","2016/08/13 00:54:00","0","2","0","45","2","L","0"
"65000V006200","2016/08/13 00:54:00","0","2","0","45","2","S","4"
"65000V006200","2016/08/13 00:54:00","0","0","0","47","6","L","1"
"65000V006200","2016/08/13 00:54:00","0","0","0","47","6","S","8"
"65000V008130","2016/08/13 00:54:00","3","1","0","-99","-99","L","-99"
"65000V008130","2016/08/13 00:54:00","3","1","0","-99","-99","S","-99"
"65000V008130","2016/08/13 00:54:00","3","0","0","-99","-99","L","-99"
"65000V008130","2016/08/13 00:54:00","3","0","0","-99","-99","S","-99"
"65000V008130","2016/08/13 00:54:00","3","2","1","-99","-99","L","-99"
"65000V008130","2016/08/13 00:54:00","3","2","1","-99","-99","S","-99"
"65000V008130","2016/08/13 00:54:00","3","3","1","-99","-99","L","-99"
"65000V008130","2016/08/13 00:54:00","3","3","1","-99","-99","S","-99"
"65000V008940","2016/08/13 00:54:00","0","0","0","0","0","L","0"
"65000V008940","2016/08/13 00:54:00","0","0","0","0","0","S","0"
"65000V008940","2016/08/13 00:54:00","0","2","0","75","0","L","0"
"65000V008940","2016/08/13 00:54:00","0","2","0","75","0","S","1"
"65000V008940","2016/08/13 00:54:00","0","1","0","60","2","L","1"
"65000V008940","2016/08/13 00:54:00","0","1","0","60","2","S","1"
"65000V008940","2016/08/13 00:54:00","0","4","1","0","0","L","0"
"65000V008940","2016/08/13 00:54:00","0","4","1","0","0","S","0"
"65000V008940","2016/08/13 00:54:00","0","5","1","0","0","L","0"
"65000V008940","2016/08/13 00:54:00","0","5","1","0","0","S","0"
"65000V008940","2016/08/13 00:54:00","0","3","1","72","0","L","0"
"65000V008940","2016/08/13 00:54:00","0","3","1","72","0","S","1"
"65000V009560","2016/08/13 00:54:00","0","1","0","0","0","L","0"
"65000V009560","2016/08/13 00:54:00","0","1","0","0","0","S","0"
"65000V009560","2016/08/13 00:54:00","0","0","0","0","0","L","0"
"65000V009560","2016/08/13 00:54:00","0","0","0","0","0","S","0"
"65000V009560","2016/08/13 00:54:00","0","2","1","0","0","L","0"
"65000V009560","2016/08/13 00:54:00","0","2","1","0","0","S","0"
"65000V009560","2016/08/13 00:54:00","0","3","1","0","0","L","0"
"65000V009560","2016/08/13 00:54:00","0","3","1","0","0","S","0"
"65000V009850","2016/08/13 00:54:00","3","0","0","-99","-99","L","-99"
"65000V009850","2016/08/13 00:54:00","3","0","0","-99","-99","S","-99"
"65000V009850","2016/08/13 00:54:00","3","1","0","-99","-99","L","-99"
"65000V009850","2016/08/13 00:54:00","3","1","0","-99","-99","S","-99"
"65000V010000","2016/08/13 00:54:00","3","0","0","-99","-99","L","-99"
"65000V010000","2016/08/13 00:54:00","3","0","0","-99","-99","S","-99"
"65000V010000","2016/08/13 00:54:00","3","1","0","-99","-99","L","-99"
"65000V010000","2016/08/13 00:54:00","3","1","0","-99","-99","S","-99"
"65000V010000","2016/08/13 00:54:00","3","3","1","-99","-99","L","-99"
"65000V010000","2016/08/13 00:54:00","3","3","1","-99","-99","S","-99"
"65000V010000","2016/08/13 00:54:00","3","2","1","-99","-99","L","-99"
"65000V010000","2016/08/13 00:54:00","3","2","1","-99","-99","S","-99"
"65000V010010","2016/08/13 00:54:00","0","0","0","0","0","L","0"
"65000V010010","2016/08/13 00:54:00","0","0","0","0","0","S","0"
"65000V010010","2016/08/13 00:54:00","0","1","0","0","0","L","0"
"65000V010010","2016/08/13 00:54:00","0","1","0","0","0","S","0"
"65000V010200","2016/08/13 00:54:00","0","0","0","63","1","L","0"
"65000V010200","2016/08/13 00:54:00","0","0","0","63","1","S","3"
"65000V010200","2016/08/13 00:54:00","0","1","1","58","1","L","0"
"65000V010200","2016/08/13 00:54:00","0","1","1","58","1","S","2"
"65000V010240","2016/08/13 00:54:00","3","0","0","-99","-99","L","-99"
"65000V010240","2016/08/13 00:54:00","3","0","0","-99","-99","S","-99"
"65000V010240","2016/08/13 00:54:00","3","1","1","-99","-99","L","-99"
"65000V010240","2016/08/13 00:54:00","3","1","1","-99","-99","S","-99"
"65000V015000","2016/08/13 00:54:00","0","2","0","0","0","L","0"
"65000V015000","2016/08/13 00:54:00","0","2","0","0","0","S","0"
"65000V015000","2016/08/13 00:54:00","0","0","0","0","0","L","0"
"65000V015000","2016/08/13 00:54:00","0","0","0","0","0","S","0"
"65000V015000","2016/08/13 00:54:00","0","1","0","0","0","L","0"
"65000V015000","2016/08/13 00:54:00","0","1","0","0","0","S","0"
"65000V015000","2016/08/13 00:54:00","0","3","1","0","0","L","0"
"65000V015000","2016/08/13 00:54:00","0","3","1","0","0","S","0"
"65000V015000","2016/08/13 00:54:00","0","5","1","0","0","L","0"
"65000V015000","2016/08/13 00:54:00","0","5","1","0","0","S","0"
"65000V015000","2016/08/13 00:54:00","0","4","1","59","1","L","0"
"65000V015000","2016/08/13 00:54:00","0","4","1","59","1","S","1"
"65000V015640","2016/08/13 00:54:00","0","0","0","40","0","L","0"
"65000V015640","2016/08/13 00:54:00","0","0","0","40","0","S","1"
"65000V015640","2016/08/13 00:54:00","0","1","0","53","0","L","0"
"65000V015640","2016/08/13 00:54:00","0","1","0","53","0","S","2"
"65000V015640","2016/08/13 00:54:00","0","2","0","25","0","L","0"
"65000V015640","2016/08/13 00:54:00","0","2","0","25","0","S","0"
"65000V015640","2016/08/13 00:54:00","0","3","1","48","0","L","0"
"65000V015640","2016/08/13 00:54:00","0","3","1","48","0","S","0"
"65000V015640","2016/08/13 00:54:00","0","4","1","38","0","L","0"
"65000V015640","2016/08/13 00:54:00","0","4","1","38","0","S","0"
"65000V015640","2016/08/13 00:54:00","0","5","1","49","0","L","0"
"65000V015640","2016/08/13 00:54:00","0","5","1","49","0","S","1"
"65000V017200","2016/08/13 00:54:00","0","0","0","56","1","L","0"
"65000V017200","2016/08/13 00:54:00","0","0","0","56","1","S","2"
"65000V017200","2016/08/13 00:54:00","0","1","1","68","1","L","0"
"65000V017200","2016/08/13 00:54:00","0","1","1","68","1","S","4"
"65000V021150","2016/08/13 00:54:00","0","1","0","64","0","L","0"
"65000V021150","2016/08/13 00:54:00","0","1","0","64","0","S","0"
"65000V021150","2016/08/13 00:54:00","0","0","0","54","0","L","0"
"65000V021150","2016/08/13 00:54:00","0","0","0","54","0","S","0"
"65000V021150","2016/08/13 00:54:00","0","2","0","67","0","L","0"
"65000V021150","2016/08/13 00:54:00","0","2","0","67","0","S","0"
"65000V021150","2016/08/13 00:54:00","0","4","1","53","0","L","0"
"65000V021150","2016/08/13 00:54:00","0","4","1","53","0","S","0"
"65000V021150","2016/08/13 00:54:00","0","5","1","48","0","L","0"
"65000V021150","2016/08/13 00:54:00","0","5","1","48","0","S","0"
"65000V021150","2016/08/13 00:54:00","0","3","1","56","0","L","0"
"65000V021150","2016/08/13 00:54:00","0","3","1","56","0","S","0"
"65000V022250","2016/08/13 00:54:00","0","0","0","67","0","L","0"
"65000V022250","2016/08/13 00:54:00","0","0","0","67","0","S","1"
"65000V022250","2016/08/13 00:54:00","0","1","0","53","1","L","0"
"65000V022250","2016/08/13 00:54:00","0","1","0","53","1","S","2"
"65000V022250","2016/08/13 00:54:00","0","2","1","0","0","L","0"
"65000V022250","2016/08/13 00:54:00","0","2","1","0","0","S","0"
"65000V022250","2016/08/13 00:54:00","0","3","1","43","1","L","0"
"65000V022250","2016/08/13 00:54:00","0","3","1","43","1","S","1"
"65000V026110","2016/08/13 00:54:00","0","1","0","71","1","L","0"
"65000V026110","2016/08/13 00:54:00","0","1","0","71","1","S","1"
"65000V026110","2016/08/13 00:54:00","0","0","0","68","1","L","0"
"65000V026110","2016/08/13 00:54:00","0","0","0","68","1","S","3"
"65000V026160","2016/08/13 00:54:00","0","1","0","73","1","L","0"
"65000V026160","2016/08/13 00:54:00","0","1","0","73","1","S","1"
"65000V026160","2016/08/13 00:54:00","0","0","0","50","3","L","1"
"65000V026160","2016/08/13 00:54:00","0","0","0","50","3","S","1"
"65000V026160","2016/08/13 00:54:00","0","3","1","0","0","L","0"
"65000V026160","2016/08/13 00:54:00","0","3","1","0","0","S","0"
"65000V026160","2016/08/13 00:54:00","0","2","1","59","1","L","0"
"65000V026160","2016/08/13 00:54:00","0","2","1","59","1","S","2"
"65000V026340","2016/08/13 00:54:00","0","3","0","49","1","L","0"
"65000V026340","2016/08/13 00:54:00","0","3","0","49","1","S","1"
"65000V026340","2016/08/13 00:54:00","0","0","0","46","1","L","0"
"65000V026340","2016/08/13 00:54:00","0","0","0","46","1","S","1"
"65000V026340","2016/08/13 00:54:00","0","1","0","58","2","L","0"
"65000V026340","2016/08/13 00:54:00","0","1","0","58","2","S","3"
"65000V026340","2016/08/13 00:54:00","0","2","0","48","4","L","1"
"65000V026340","2016/08/13 00:54:00","0","2","0","48","4","S","3"
"65000V026471","2016/08/13 00:54:00","3","3","0","-99","-99","L","-99"
"65000V026471","2016/08/13 00:54:00","3","3","0","-99","-99","S","-99"
"65000V026471","2016/08/13 00:54:00","3","1","0","-99","-99","L","-99"
"65000V026471","2016/08/13 00:54:00","3","1","0","-99","-99","S","-99"
"65000V026471","2016/08/13 00:54:00","3","0","0","-99","-99","L","-99"
"65000V026471","2016/08/13 00:54:00","3","0","0","-99","-99","S","-99"
"65000V026471","2016/08/13 00:54:00","3","2","0","-99","-99","L","-99"
"65000V026471","2016/08/13 00:54:00","3","2","0","-99","-99","S","-99"
"65000V027840","2016/08/13 00:54:00","0","1","0","50","3","L","2"
"65000V027840","2016/08/13 00:54:00","0","1","0","50","3","S","1"
"65000V027840","2016/08/13 00:54:00","0","0","0","48","6","L","2"
"65000V027840","2016/08/13 00:54:00","0","0","0","48","6","S","7"
"65000V027840","2016/08/13 00:54:00","0","3","1","70","2","L","1"
"65000V027840","2016/08/13 00:54:00","0","3","1","70","2","S","2"
"65000V027840","2016/08/13 00:54:00","0","2","1","70","2","L","0"
"65000V027840","2016/08/13 00:54:00","0","2","1","70","2","S","4"
"65000V028140","2016/08/13 00:54:00","3","0","0","-99","-99","L","-99"
"65000V028140","2016/08/13 00:54:00","3","0","0","-99","-99","S","-99"
"65000V028140","2016/08/13 00:54:00","3","1","0","-99","-99","L","-99"
"65000V028140","2016/08/13 00:54:00","3","1","0","-99","-99","S","-99"
"65000V028140","2016/08/13 00:54:00","3","2","0","-99","-99","L","-99"
"65000V028140","2016/08/13 00:54:00","3","2","0","-99","-99","S","-99"
"65000V028140","2016/08/13 00:54:00","3","4","1","-99","-99","L","-99"
"65000V028140","2016/08/13 00:54:00","3","4","1","-99","-99","S","-99"
"65000V028140","2016/08/13 00:54:00","3","3","1","-99","-99","L","-99"
"65000V028140","2016/08/13 00:54:00","3","3","1","-99","-99","S","-99"
"65000V030550","2016/08/13 00:54:00","0","2","0","-99","-99","L","-99"
"65000V030550","2016/08/13 00:54:00","0","2","0","-99","-99","S","-99"
"65000V030550","2016/08/13 00:54:00","0","0","0","-99","-99","L","-99"
"65000V030550","2016/08/13 00:54:00","0","0","0","-99","-99","S","-99"
"65000V030550","2016/08/13 00:54:00","0","1","0","-99","-99","L","-99"
"65000V030550","2016/08/13 00:54:00","0","1","0","-99","-99","S","-99"
"65000V030840","2016/08/13 00:54:00","3","0","0","-99","-99","L","-99"
"65000V030840","2016/08/13 00:54:00","3","0","0","-99","-99","S","-99"
"65000V030840","2016/08/13 00:54:00","3","1","0","-99","-99","L","-99"
"65000V030840","2016/08/13 00:54:00","3","1","0","-99","-99","S","-99"
"65000V030840","2016/08/13 00:54:00","3","2","1","-99","-99","L","-99"
"65000V030840","2016/08/13 00:54:00","3","2","1","-99","-99","S","-99"
"65000V030840","2016/08/13 00:54:00","3","3","1","-99","-99","L","-99"
"65000V030840","2016/08/13 00:54:00","3","3","1","-99","-99","S","-99"
"65000V031110","2016/08/13 00:54:00","3","0","0","-99","-99","L","-99"
"65000V031110","2016/08/13 00:54:00","3","0","0","-99","-99","S","-99"
"65000V031110","2016/08/13 00:54:00","3","1","0","-99","-99","L","-99"
"65000V031110","2016/08/13 00:54:00","3","1","0","-99","-99","S","-99"
"65000V031110","2016/08/13 00:54:00","3","3","1","-99","-99","L","-99"
"65000V031110","2016/08/13 00:54:00","3","3","1","-99","-99","S","-99"
"65000V031110","2016/08/13 00:54:00","3","2","1","-99","-99","L","-99"
"65000V031110","2016/08/13 00:54:00","3","2","1","-99","-99","S","-99"
"65000V035350","2016/08/13 00:54:00","3","2","0","-99","-99","L","-99"
"65000V035350","2016/08/13 00:54:00","3","2","0","-99","-99","S","-99"
"65000V035350","2016/08/13 00:54:00","3","1","0","-99","-99","L","-99"
"65000V035350","2016/08/13 00:54:00","3","1","0","-99","-99","S","-99"
"65000V035350","2016/08/13 00:54:00","3","0","0","-99","-99","L","-99"
"65000V035350","2016/08/13 00:54:00","3","0","0","-99","-99","S","-99"
"65000V035350","2016/08/13 00:54:00","3","3","0","-99","-99","L","-99"
"65000V035350","2016/08/13 00:54:00","3","3","0","-99","-99","S","-99"
"65000V035620","2016/08/13 00:54:00","0","0","0","75","0","L","0"
"65000V035620","2016/08/13 00:54:00","0","0","0","75","0","S","1"
"65000V035620","2016/08/13 00:54:00","0","1","0","59","1","L","1"
"65000V035620","2016/08/13 00:54:00","0","1","0","59","1","S","2"
"65000V035620","2016/08/13 00:54:00","0","2","1","0","0","L","0"
"65000V035620","2016/08/13 00:54:00","0","2","1","0","0","S","0"
"65000V035620","2016/08/13 00:54:00","0","3","1","51","1","L","1"
"65000V035620","2016/08/13 00:54:00","0","3","1","51","1","S","1"
"65000V036660","2016/08/13 00:54:00","0","1","0","0","0","L","0"
"65000V036660","2016/08/13 00:54:00","0","1","0","0","0","S","0"
"65000V036660","2016/08/13 00:54:00","0","0","0","47","1","L","0"
"65000V036660","2016/08/13 00:54:00","0","0","0","47","1","S","2"
"65000V036660","2016/08/13 00:54:00","0","3","1","0","0","L","0"
"65000V036660","2016/08/13 00:54:00","0","3","1","0","0","S","0"
"65000V036660","2016/08/13 00:54:00","0","2","1","60","1","L","0"
"65000V036660","2016/08/13 00:54:00","0","2","1","60","1","S","3"
"65000V037700","2016/08/13 00:54:00","3","2","0","-99","-99","L","-99"
"65000V037700","2016/08/13 00:54:00","3","2","0","-99","-99","S","-99"
"65000V037700","2016/08/13 00:54:00","3","0","0","-99","-99","L","-99"
"65000V037700","2016/08/13 00:54:00","3","0","0","-99","-99","S","-99"
"65000V037700","2016/08/13 00:54:00","3","1","0","-99","-99","L","-99"
"65000V037700","2016/08/13 00:54:00","3","1","0","-99","-99","S","-99"
"65000V037700","2016/08/13 00:54:00","3","3","1","-99","-99","L","-99"
"65000V037700","2016/08/13 00:54:00","3","3","1","-99","-99","S","-99"
"65000V037700","2016/08/13 00:54:00","3","4","1","-99","-99","L","-99"
"65000V037700","2016/08/13 00:54:00","3","4","1","-99","-99","S","-99"
"65000V037700","2016/08/13 00:54:00","3","5","1","-99","-99","L","-99"
"65000V037700","2016/08/13 00:54:00","3","5","1","-99","-99","S","-99"
"65000V037800","2016/08/13 00:54:00","0","0","0","-99","-99","L","-99"
"65000V037800","2016/08/13 00:54:00","0","0","0","-99","-99","S","-99"
"65000V037800","2016/08/13 00:54:00","0","2","0","-99","-99","L","-99"
"65000V037800","2016/08/13 00:54:00","0","2","0","-99","-99","S","-99"
"65000V037800","2016/08/13 00:54:00","0","1","0","-99","-99","L","-99"
"65000V037800","2016/08/13 00:54:00","0","1","0","-99","-99","S","-99"
"65000V037800","2016/08/13 00:54:00","0","4","1","-99","-99","L","-99"
"65000V037800","2016/08/13 00:54:00","0","4","1","-99","-99","S","-99"
"65000V037800","2016/08/13 00:54:00","0","5","1","-99","-99","L","-99"
"65000V037800","2016/08/13 00:54:00","0","5","1","-99","-99","S","-99"
"65000V037800","2016/08/13 00:54:00","0","3","1","-99","-99","L","-99"
"65000V037800","2016/08/13 00:54:00","0","3","1","-99","-99","S","-99"
"65000V040100","2016/08/13 00:54:00","0","1","0","65","1","L","0"
"65000V040100","2016/08/13 00:54:00","0","1","0","65","1","S","4"
"65000V040100","2016/08/13 00:54:00","0","0","0","67","2","L","0"
"65000V040100","2016/08/13 00:54:00","0","0","0","67","2","S","4"
"65000V040100","2016/08/13 00:54:00","0","2","1","0","0","L","0"
"65000V040100","2016/08/13 00:54:00","0","2","1","0","0","S","0"
"65000V040100","2016/08/13 00:54:00","0","3","1","45","1","L","0"
"65000V040100","2016/08/13 00:54:00","0","3","1","45","1","S","2"
"65000V040240","2016/08/13 00:54:00","3","1","0","-99","-99","L","-99"
"65000V040240","2016/08/13 00:54:00","3","1","0","-99","-99","S","-99"
"65000V040240","2016/08/13 00:54:00","3","2","0","-99","-99","L","-99"
"65000V040240","2016/08/13 00:54:00","3","2","0","-99","-99","S","-99"
"65000V040240","2016/08/13 00:54:00","3","0","0","-99","-99","L","-99"
"65000V040240","2016/08/13 00:54:00","3","0","0","-99","-99","S","-99"
"65000V040240","2016/08/13 00:54:00","3","3","1","-99","-99","L","-99"
"65000V040240","2016/08/13 00:54:00","3","3","1","-99","-99","S","-99"
"65000V040240","2016/08/13 00:54:00","3","4","1","-99","-99","L","-99"
"65000V040240","2016/08/13 00:54:00","3","4","1","-99","-99","S","-99"
"65000V040240","2016/08/13 00:54:00","3","5","1","-99","-99","L","-99"
"65000V040240","2016/08/13 00:54:00","3","5","1","-99","-99","S","-99"
"65000V040870","2016/08/13 00:54:00","3","1","0","-99","-99","L","-99"
"65000V040870","2016/08/13 00:54:00","3","1","0","-99","-99","S","-99"
"65000V040870","2016/08/13 00:54:00","3","0","0","-99","-99","L","-99"
"65000V040870","2016/08/13 00:54:00","3","0","0","-99","-99","S","-99"
"65000V040870","2016/08/13 00:54:00","3","3","1","-99","-99","L","-99"
"65000V040870","2016/08/13 00:54:00","3","3","1","-99","-99","S","-99"
"65000V040870","2016/08/13 00:54:00","3","2","1","-99","-99","L","-99"
"65000V040870","2016/08/13 00:54:00","3","2","1","-99","-99","S","-99"
"65000V041140","2016/08/13 00:54:00","3","1","0","-99","-99","L","-99"
"65000V041140","2016/08/13 00:54:00","3","1","0","-99","-99","S","-99"
"65000V041140","2016/08/13 00:54:00","3","0","0","-99","-99","L","-99"
"65000V041140","2016/08/13 00:54:00","3","0","0","-99","-99","S","-99"
"65000V041140","2016/08/13 00:54:00","3","2","0","-99","-99","L","-99"
"65000V041140","2016/08/13 00:54:00","3","2","0","-99","-99","S","-99"
"65000V043040","2016/08/13 00:54:00","0","0","0","-99","-99","L","-99"
"65000V043040","2016/08/13 00:54:00","0","0","0","-99","-99","S","-99"
"65000V043040","2016/08/13 00:54:00","0","1","0","-99","-99","L","-99"
"65000V043040","2016/08/13 00:54:00","0","1","0","-99","-99","S","-99"
"65000V043040","2016/08/13 00:54:00","0","3","1","-99","-99","L","-99"
"65000V043040","2016/08/13 00:54:00","0","3","1","-99","-99","S","-99"
"65000V043040","2016/08/13 00:54:00","0","2","1","-99","-99","L","-99"
"65000V043040","2016/08/13 00:54:00","0","2","1","-99","-99","S","-99"
"65000V043860","2016/08/13 00:54:00","3","1","0","-99","-99","L","-99"
"65000V043860","2016/08/13 00:54:00","3","1","0","-99","-99","S","-99"
"65000V043860","2016/08/13 00:54:00","3","0","0","-99","-99","L","-99"
"65000V043860","2016/08/13 00:54:00","3","0","0","-99","-99","S","-99"
"65000V043860","2016/08/13 00:54:00","3","3","1","-99","-99","L","-99"
"65000V043860","2016/08/13 00:54:00","3","3","1","-99","-99","S","-99"
"65000V043860","2016/08/13 00:54:00","3","2","1","-99","-99","L","-99"
"65000V043860","2016/08/13 00:54:00","3","2","1","-99","-99","S","-99"
"65000V044260","2016/08/13 00:54:00","3","1","0","-99","-99","L","-99"
"65000V044260","2016/08/13 00:54:00","3","1","0","-99","-99","S","-99"
"65000V044260","2016/08/13 00:54:00","3","0","0","-99","-99","L","-99"
"65000V044260","2016/08/13 00:54:00","3","0","0","-99","-99","S","-99"
"65000V044260","2016/08/13 00:54:00","3","3","1","-99","-99","L","-99"
"65000V044260","2016/08/13 00:54:00","3","3","1","-99","-99","S","-99"
"65000V044260","2016/08/13 00:54:00","3","2","1","-99","-99","L","-99"
"65000V044260","2016/08/13 00:54:00","3","2","1","-99","-99","S","-99"
"65000V046200","2016/08/13 00:54:00","3","0","0","-99","-99","L","-99"
"65000V046200","2016/08/13 00:54:00","3","0","0","-99","-99","S","-99"
"65000V046200","2016/08/13 00:54:00","3","1","0","-99","-99","L","-99"
"65000V046200","2016/08/13 00:54:00","3","1","0","-99","-99","S","-99"
"65000V046200","2016/08/13 00:54:00","3","2","1","-99","-99","L","-99"
"65000V046200","2016/08/13 00:54:00","3","2","1","-99","-99","S","-99"
"65000V046200","2016/08/13 00:54:00","3","3","1","-99","-99","L","-99"
"65000V046200","2016/08/13 00:54:00","3","3","1","-99","-99","S","-99"
"65000V049300","2016/08/13 00:54:00","3","1","0","-99","-99","L","-99"
"65000V049300","2016/08/13 00:54:00","3","1","0","-99","-99","S","-99"
"65000V049300","2016/08/13 00:54:00","3","0","0","-99","-99","L","-99"
"65000V049300","2016/08/13 00:54:00","3","0","0","-99","-99","S","-99"
"65000V049300","2016/08/13 00:54:00","3","2","1","-99","-99","L","-99"
"65000V049300","2016/08/13 00:54:00","3","2","1","-99","-99","S","-99"
"65000V049300","2016/08/13 00:54:00","3","3","1","-99","-99","L","-99"
"65000V049300","2016/08/13 00:54:00","3","3","1","-99","-99","S","-99"
"65000V071340","2016/08/13 00:54:00","0","0","1","0","0","L","0"
"65000V071340","2016/08/13 00:54:00","0","0","1","0","0","S","0"
"65000V071340","2016/08/13 00:54:00","0","1","1","0","0","L","0"
"65000V071340","2016/08/13 00:54:00","0","1","1","0","0","S","0"
"65000V071520","2016/08/13 00:54:00","3","0","0","-99","-99","L","-99"
"65000V071520","2016/08/13 00:54:00","3","0","0","-99","-99","S","-99"
"65000V071520","2016/08/13 00:54:00","3","1","0","-99","-99","L","-99"
"65000V071520","2016/08/13 00:54:00","3","1","0","-99","-99","S","-99"
"65000V071520","2016/08/13 00:54:00","3","2","1","-99","-99","L","-99"
"65000V071520","2016/08/13 00:54:00","3","2","1","-99","-99","S","-99"
"65000V071520","2016/08/13 00:54:00","3","3","1","-99","-99","L","-99"
"65000V071520","2016/08/13 00:54:00","3","3","1","-99","-99","S","-99"
"65000V071730","2016/08/13 00:54:00","0","1","1","0","0","L","0"
"65000V071730","2016/08/13 00:54:00","0","1","1","0","0","S","0"
"65000V071730","2016/08/13 00:54:00","0","0","1","0","0","L","0"
"65000V071730","2016/08/13 00:54:00","0","0","1","0","0","S","0"
"65000V074250","2016/08/13 00:54:00","0","1","0","-99","-99","L","-99"
"65000V074250","2016/08/13 00:54:00","0","1","0","-99","-99","S","-99"
"65000V074250","2016/08/13 00:54:00","0","0","0","-99","-99","L","-99"
"65000V074250","2016/08/13 00:54:00","0","0","0","-99","-99","S","-99"
"65000V074250","2016/08/13 00:54:00","0","3","1","-99","-99","L","-99"
"65000V074250","2016/08/13 00:54:00","0","3","1","-99","-99","S","-99"
"65000V074250","2016/08/13 00:54:00","0","2","1","-99","-99","L","-99"
"65000V074250","2016/08/13 00:54:00","0","2","1","-99","-99","S","-99"
"65000V075430","2016/08/13 00:54:00","0","1","0","0","0","L","0"
"65000V075430","2016/08/13 00:54:00","0","1","0","0","0","S","0"
"65000V075430","2016/08/13 00:54:00","0","0","0","0","0","L","0"
"65000V075430","2016/08/13 00:54:00","0","0","0","0","0","S","0"
"65000V075430","2016/08/13 00:54:00","0","2","1","0","0","L","0"
"65000V075430","2016/08/13 00:54:00","0","2","1","0","0","S","0"
"65000V075430","2016/08/13 00:54:00","0","3","1","46","1","L","0"
"65000V075430","2016/08/13 00:54:00","0","3","1","46","1","S","1"
"65000V078800","2016/08/13 00:54:00","0","1","0","43","0","L","0"
"65000V078800","2016/08/13 00:54:00","0","1","0","43","0","S","0"
"65000V078800","2016/08/13 00:54:00","0","0","0","54","0","L","0"
"65000V078800","2016/08/13 00:54:00","0","0","0","54","0","S","0"
"65000V078800","2016/08/13 00:54:00","0","2","1","46","0","L","0"
"65000V078800","2016/08/13 00:54:00","0","2","1","46","0","S","0"
"65000V078800","2016/08/13 00:54:00","0","3","1","46","0","L","0"
"65000V078800","2016/08/13 00:54:00","0","3","1","46","0","S","0"
"65000V078810","2016/08/13 00:54:00","0","0","0","59","1","L","0"
"65000V078810","2016/08/13 00:54:00","0","0","0","59","1","S","1"
"65000V079020","2016/08/13 00:54:00","3","2","0","-99","-99","L","-99"
"65000V079020","2016/08/13 00:54:00","3","2","0","-99","-99","S","-99"
"65000V079020","2016/08/13 00:54:00","3","0","0","-99","-99","L","-99"
"65000V079020","2016/08/13 00:54:00","3","0","0","-99","-99","S","-99"
"65000V079020","2016/08/13 00:54:00","3","1","0","-99","-99","L","-99"
"65000V079020","2016/08/13 00:54:00","3","1","0","-99","-99","S","-99"
"65000V079110","2016/08/13 00:54:00","0","0","0","70","0","L","0"
"65000V079110","2016/08/13 00:54:00","0","0","0","70","0","S","1"
"65000V079110","2016/08/13 00:54:00","0","1","0","59","2","L","0"
"65000V079110","2016/08/13 00:54:00","0","1","0","59","2","S","5"
"65000V079110","2016/08/13 00:54:00","0","3","1","0","0","L","0"
"65000V079110","2016/08/13 00:54:00","0","3","1","0","0","S","0"
"65000V079110","2016/08/13 00:54:00","0","2","1","63","3","L","0"
"65000V079110","2016/08/13 00:54:00","0","2","1","63","3","S","7"
"65000V083720","2016/08/13 00:54:00","0","0","0","71","0","L","0"
"65000V083720","2016/08/13 00:54:00","0","0","0","71","0","S","1"
"65000V083720","2016/08/13 00:54:00","0","1","1","63","0","L","0"
"65000V083720","2016/08/13 00:54:00","0","1","1","63","0","S","1"
"65000V083760","2016/08/13 00:54:00","0","0","0","61","3","L","1"
"65000V083760","2016/08/13 00:54:00","0","0","0","61","3","S","4"
"65000V083760","2016/08/13 00:54:00","0","1","1","55","2","L","0"
"65000V083760","2016/08/13 00:54:00","0","1","1","55","2","S","3"
"65000V083900","2016/08/13 00:54:00","0","0","1","0","0","L","0"
"65000V083900","2016/08/13 00:54:00","0","0","1","0","0","S","0"
"65000V084000","2016/08/13 00:54:00","0","0","0","0","0","L","0"
"65000V084000","2016/08/13 00:54:00","0","0","0","0","0","S","0"
"65000V084000","2016/08/13 00:54:00","0","1","0","0","0","L","0"
"65000V084000","2016/08/13 00:54:00","0","1","0","0","0","S","0"
"65000V084040","2016/08/13 00:54:00","0","1","0","0","0","L","0"
"65000V084040","2016/08/13 00:54:00","0","1","0","0","0","S","0"
"65000V084040","2016/08/13 00:54:00","0","0","0","0","0","L","0"
"65000V084040","2016/08/13 00:54:00","0","0","0","0","0","S","0"
"65000V084100","2016/08/13 00:54:00","0","0","1","-99","-99","L","-99"
"65000V084100","2016/08/13 00:54:00","0","0","1","-99","-99","S","-99"
"65000V084140","2016/08/13 00:54:00","3","1","0","-99","-99","L","-99"
"65000V084140","2016/08/13 00:54:00","3","1","0","-99","-99","S","-99"
"65000V084140","2016/08/13 00:54:00","3","2","0","-99","-99","L","-99"
"65000V084140","2016/08/13 00:54:00","3","2","0","-99","-99","S","-99"
"65000V084140","2016/08/13 00:54:00","3","0","0","-99","-99","L","-99"
"65000V084140","2016/08/13 00:54:00","3","0","0","-99","-99","S","-99"
"65000V084240","2016/08/13 00:54:00","0","2","0","-99","-99","L","-99"
"65000V084240","2016/08/13 00:54:00","0","2","0","-99","-99","S","-99"
"65000V084240","2016/08/13 00:54:00","0","0","0","-99","-99","L","-99"
"65000V084240","2016/08/13 00:54:00","0","0","0","-99","-99","S","-99"
"65000V084240","2016/08/13 00:54:00","0","1","0","-99","-99","L","-99"
"65000V084240","2016/08/13 00:54:00","0","1","0","-99","-99","S","-99"
"65000V097400","2016/08/13 00:54:00","0","1","0","-99","-99","L","-99"
"65000V097400","2016/08/13 00:54:00","0","1","0","-99","-99","S","-99"
"65000V097400","2016/08/13 00:54:00","0","0","0","-99","-99","L","-99"
"65000V097400","2016/08/13 00:54:00","0","0","0","-99","-99","S","-99"
"65000V097400","2016/08/13 00:54:00","0","2","0","-99","-99","L","-99"
"65000V097400","2016/08/13 00:54:00","0","2","0","-99","-99","S","-99"
"65000V097400","2016/08/13 00:54:00","0","4","1","-99","-99","L","-99"
"65000V097400","2016/08/13 00:54:00","0","4","1","-99","-99","S","-99"
"65000V097400","2016/08/13 00:54:00","0","5","1","-99","-99","L","-99"
"65000V097400","2016/08/13 00:54:00","0","5","1","-99","-99","S","-99"
"65000V097400","2016/08/13 00:54:00","0","3","1","-99","-99","L","-99"
"65000V097400","2016/08/13 00:54:00","0","3","1","-99","-99","S","-99"
"65000V114920","2016/08/13 00:54:00","0","0","0","63","1","L","0"
"65000V114920","2016/08/13 00:54:00","0","0","0","63","1","S","2"
"65000V114920","2016/08/13 00:54:00","0","1","0","69","1","L","0"
"65000V114920","2016/08/13 00:54:00","0","1","0","69","1","S","1"
"65000V114920","2016/08/13 00:54:00","0","2","0","73","1","L","0"
"65000V114920","2016/08/13 00:54:00","0","2","0","73","1","S","1"
"65000V114920","2016/08/13 00:54:00","0","3","1","72","1","L","0"
"65000V114920","2016/08/13 00:54:00","0","3","1","72","1","S","1"
"65000V114920","2016/08/13 00:54:00","0","5","1","59","2","L","1"
"65000V114920","2016/08/13 00:54:00","0","5","1","59","2","S","1"
"65000V114920","2016/08/13 00:54:00","0","4","1","65","3","L","1"
"65000V114920","2016/08/13 00:54:00","0","4","1","65","3","S","3"
"65000V146540","2016/08/13 00:54:00","0","0","0","-99","-99","L","-99"
"65000V146540","2016/08/13 00:54:00","0","0","0","-99","-99","S","-99"
"65000V146540","2016/08/13 00:54:00","0","2","0","-99","-99","L","-99"
"65000V146540","2016/08/13 00:54:00","0","2","0","-99","-99","S","-99"
"65000V146540","2016/08/13 00:54:00","0","1","0","-99","-99","L","-99"
"65000V146540","2016/08/13 00:54:00","0","1","0","-99","-99","S","-99"
"65000V160240","2016/08/13 00:54:00","3","1","0","-99","-99","L","-99"
"65000V160240","2016/08/13 00:54:00","3","1","0","-99","-99","S","-99"
"65000V160240","2016/08/13 00:54:00","3","0","0","-99","-99","L","-99"
"65000V160240","2016/08/13 00:54:00","3","0","0","-99","-99","S","-99"
"65000V160430","2016/08/13 00:54:00","0","2","0","-99","-99","L","-99"
"65000V160430","2016/08/13 00:54:00","0","2","0","-99","-99","S","-99"
"65000V160430","2016/08/13 00:54:00","0","1","0","-99","-99","L","-99"
"65000V160430","2016/08/13 00:54:00","0","1","0","-99","-99","S","-99"
"65000V160430","2016/08/13 00:54:00","0","0","0","-99","-99","L","-99"
"65000V160430","2016/08/13 00:54:00","0","0","0","-99","-99","S","-99"
"65000V160430","2016/08/13 00:54:00","0","4","1","-99","-99","L","-99"
"65000V160430","2016/08/13 00:54:00","0","4","1","-99","-99","S","-99"
"65000V160430","2016/08/13 00:54:00","0","3","1","-99","-99","L","-99"
"65000V160430","2016/08/13 00:54:00","0","3","1","-99","-99","S","-99"
"65000V160620","2016/08/13 00:54:00","0","0","0","0","0","L","0"
"65000V160620","2016/08/13 00:54:00","0","0","0","0","0","S","0"
"65000V160620","2016/08/13 00:54:00","0","1","0","0","0","L","0"
"65000V160620","2016/08/13 00:54:00","0","1","0","0","0","S","0"
"65000V160620","2016/08/13 00:54:00","0","2","1","55","1","L","0"
"65000V160620","2016/08/13 00:54:00","0","2","1","55","1","S","1"
"65000V160620","2016/08/13 00:54:00","0","3","1","55","1","L","0"
"65000V160620","2016/08/13 00:54:00","0","3","1","55","1","S","1"
"65000V182320","2016/08/13 00:54:00","0","1","0","-99","-99","L","-99"
"65000V182320","2016/08/13 00:54:00","0","1","0","-99","-99","S","-99"
"65000V182320","2016/08/13 00:54:00","0","0","0","-99","-99","L","-99"
"65000V182320","2016/08/13 00:54:00","0","0","0","-99","-99","S","-99"
"65000V182320","2016/08/13 00:54:00","0","3","1","-99","-99","L","-99"
"65000V182320","2016/08/13 00:54:00","0","3","1","-99","-99","S","-99"
"65000V182320","2016/08/13 00:54:00","0","2","1","-99","-99","L","-99"
"65000V182320","2016/08/13 00:54:00","0","2","1","-99","-99","S","-99"
"65000V183150","2016/08/13 00:54:00","0","2","0","0","0","L","0"
"65000V183150","2016/08/13 00:54:00","0","2","0","0","0","S","0"
"65000V183150","2016/08/13 00:54:00","0","0","0","70","1","L","0"
"65000V183150","2016/08/13 00:54:00","0","0","0","70","1","S","1"
"65000V183150","2016/08/13 00:54:00","0","1","0","62","1","L","0"
"65000V183150","2016/08/13 00:54:00","0","1","0","62","1","S","1"
"65000V183150","2016/08/13 00:54:00","0","5","1","0","0","L","0"
"65000V183150","2016/08/13 00:54:00","0","5","1","0","0","S","0"
"65000V183150","2016/08/13 00:54:00","0","4","1","59","4","L","0"
"65000V183150","2016/08/13 00:54:00","0","4","1","59","4","S","3"
"65000V183150","2016/08/13 00:54:00","0","3","1","61","6","L","0"
"65000V183150","2016/08/13 00:54:00","0","3","1","61","6","S","6"
"65000V183240","2016/08/13 00:54:00","3","0","0","-99","-99","L","-99"
"65000V183240","2016/08/13 00:54:00","3","0","0","-99","-99","S","-99"
"65000V183240","2016/08/13 00:54:00","3","1","0","-99","-99","L","-99"
"65000V183240","2016/08/13 00:54:00","3","1","0","-99","-99","S","-99"
"65000V183240","2016/08/13 00:54:00","3","2","1","-99","-99","L","-99"
"65000V183240","2016/08/13 00:54:00","3","2","1","-99","-99","S","-99"
"65000V183240","2016/08/13 00:54:00","3","3","1","-99","-99","L","-99"
"65000V183240","2016/08/13 00:54:00","3","3","1","-99","-99","S","-99"
"65000V184860","2016/08/13 00:54:00","0","0","0","0","0","L","0"
"65000V184860","2016/08/13 00:54:00","0","0","0","0","0","S","0"
"65000V184860","2016/08/13 00:54:00","0","1","0","46","1","L","0"
"65000V184860","2016/08/13 00:54:00","0","1","0","46","1","S","1"
"65000V184860","2016/08/13 00:54:00","0","2","1","0","0","L","0"
"65000V184860","2016/08/13 00:54:00","0","2","1","0","0","S","0"
"65000V184860","2016/08/13 00:54:00","0","3","1","49","2","L","0"
"65000V184860","2016/08/13 00:54:00","0","3","1","49","2","S","3"
"65000V184960","2016/08/13 00:54:00","3","1","0","-99","-99","L","-99"
"65000V184960","2016/08/13 00:54:00","3","1","0","-99","-99","S","-99"
"65000V184960","2016/08/13 00:54:00","3","0","0","-99","-99","L","-99"
"65000V184960","2016/08/13 00:54:00","3","0","0","-99","-99","S","-99"
"65000V184960","2016/08/13 00:54:00","3","2","1","-99","-99","L","-99"
"65000V184960","2016/08/13 00:54:00","3","2","1","-99","-99","S","-99"
"65000V184960","2016/08/13 00:54:00","3","3","1","-99","-99","L","-99"
"65000V184960","2016/08/13 00:54:00","3","3","1","-99","-99","S","-99"
"65000V185430","2016/08/13 00:54:00","3","1","0","-99","-99","L","-99"
"65000V185430","2016/08/13 00:54:00","3","1","0","-99","-99","S","-99"
"65000V185430","2016/08/13 00:54:00","3","0","0","-99","-99","L","-99"
"65000V185430","2016/08/13 00:54:00","3","0","0","-99","-99","S","-99"
"65000V185430","2016/08/13 00:54:00","3","2","1","-99","-99","L","-99"
"65000V185430","2016/08/13 00:54:00","3","2","1","-99","-99","S","-99"
"65000V185430","2016/08/13 00:54:00","3","3","1","-99","-99","L","-99"
"65000V185430","2016/08/13 00:54:00","3","3","1","-99","-99","S","-99"
"65000V190640","2016/08/13 00:54:00","3","0","0","-99","-99","L","-99"
"65000V190640","2016/08/13 00:54:00","3","0","0","-99","-99","S","-99"
"65000V190640","2016/08/13 00:54:00","3","1","0","-99","-99","L","-99"
"65000V190640","2016/08/13 00:54:00","3","1","0","-99","-99","S","-99"
"65000V190640","2016/08/13 00:54:00","3","2","0","-99","-99","L","-99"
"65000V190640","2016/08/13 00:54:00","3","2","0","-99","-99","S","-99"
"65000V190740","2016/08/13 00:54:00","0","2","0","56","1","L","0"
"65000V190740","2016/08/13 00:54:00","0","2","0","56","1","S","1"
"65000V190740","2016/08/13 00:54:00","0","1","0","50","1","L","0"
"65000V190740","2016/08/13 00:54:00","0","1","0","50","1","S","2"
"65000V190740","2016/08/13 00:54:00","0","0","0","63","1","L","0"
"65000V190740","2016/08/13 00:54:00","0","0","0","63","1","S","2"
"65000V202330","2016/08/13 00:54:00","3","0","0","-99","-99","L","-99"
"65000V202330","2016/08/13 00:54:00","3","0","0","-99","-99","S","-99"
"65000V202330","2016/08/13 00:54:00","3","2","0","-99","-99","L","-99"
"65000V202330","2016/08/13 00:54:00","3","2","0","-99","-99","S","-99"
"65000V202330","2016/08/13 00:54:00","3","1","0","-99","-99","L","-99"
"65000V202330","2016/08/13 00:54:00","3","1","0","-99","-99","S","-99"
"65000V202330","2016/08/13 00:54:00","3","3","1","-99","-99","L","-99"
"65000V202330","2016/08/13 00:54:00","3","3","1","-99","-99","S","-99"
"65000V202330","2016/08/13 00:54:00","3","5","1","-99","-99","L","-99"
"65000V202330","2016/08/13 00:54:00","3","5","1","-99","-99","S","-99"
"65000V202330","2016/08/13 00:54:00","3","4","1","-99","-99","L","-99"
"65000V202330","2016/08/13 00:54:00","3","4","1","-99","-99","S","-99"
"65000V202470","2016/08/13 00:54:00","0","0","0","70","0","L","0"
"65000V202470","2016/08/13 00:54:00","0","0","0","70","0","S","2"
"65000V202470","2016/08/13 00:54:00","0","1","0","59","2","L","0"
"65000V202470","2016/08/13 00:54:00","0","1","0","59","2","S","4"
"65000V202470","2016/08/13 00:54:00","0","3","1","63","1","L","0"
"65000V202470","2016/08/13 00:54:00","0","3","1","63","1","S","3"
"65000V202470","2016/08/13 00:54:00","0","2","1","66","1","L","0"
"65000V202470","2016/08/13 00:54:00","0","2","1","66","1","S","3"
"65000V203120","2016/08/13 00:54:00","3","0","0","-99","-99","L","-99"
"65000V203120","2016/08/13 00:54:00","3","0","0","-99","-99","S","-99"
"65000V203120","2016/08/13 00:54:00","3","1","0","-99","-99","L","-99"
"65000V203120","2016/08/13 00:54:00","3","1","0","-99","-99","S","-99"
"65000V203120","2016/08/13 00:54:00","3","2","1","-99","-99","L","-99"
"65000V203120","2016/08/13 00:54:00","3","2","1","-99","-99","S","-99"
"65000V203120","2016/08/13 00:54:00","3","3","1","-99","-99","L","-99"
"65000V203120","2016/08/13 00:54:00","3","3","1","-99","-99","S","-99"
"65000V203300","2016/08/13 00:54:00","3","1","0","-99","-99","L","-99"
"65000V203300","2016/08/13 00:54:00","3","1","0","-99","-99","S","-99"
"65000V203300","2016/08/13 00:54:00","3","0","0","-99","-99","L","-99"
"65000V203300","2016/08/13 00:54:00","3","0","0","-99","-99","S","-99"
"65000V203300","2016/08/13 00:54:00","3","2","1","-99","-99","L","-99"
"65000V203300","2016/08/13 00:54:00","3","2","1","-99","-99","S","-99"
"65000V203300","2016/08/13 00:54:00","3","3","1","-99","-99","L","-99"
"65000V203300","2016/08/13 00:54:00","3","3","1","-99","-99","S","-99"
"65000V203550","2016/08/13 00:54:00","3","0","0","-99","-99","L","-99"
"65000V203550","2016/08/13 00:54:00","3","0","0","-99","-99","S","-99"
"65000V203550","2016/08/13 00:54:00","3","1","1","-99","-99","L","-99"
"65000V203550","2016/08/13 00:54:00","3","1","1","-99","-99","S","-99"
"65000V203910","2016/08/13 00:54:00","3","0","0","-99","-99","L","-99"
"65000V203910","2016/08/13 00:54:00","3","0","0","-99","-99","S","-99"
"65000V203910","2016/08/13 00:54:00","3","1","0","-99","-99","L","-99"
"65000V203910","2016/08/13 00:54:00","3","1","0","-99","-99","S","-99"
"65000V203910","2016/08/13 00:54:00","3","2","1","-99","-99","L","-99"
"65000V203910","2016/08/13 00:54:00","3","2","1","-99","-99","S","-99"
"65000V203910","2016/08/13 00:54:00","3","3","1","-99","-99","L","-99"
"65000V203910","2016/08/13 00:54:00","3","3","1","-99","-99","S","-99"
"65000V204010","2016/08/13 00:54:00","0","2","0","55","0","L","0"
"65000V204010","2016/08/13 00:54:00","0","2","0","55","0","S","1"
"65000V204010","2016/08/13 00:54:00","0","1","0","51","0","L","0"
"65000V204010","2016/08/13 00:54:00","0","1","0","51","0","S","1"
"65000V204010","2016/08/13 00:54:00","0","0","0","60","0","L","0"
"65000V204010","2016/08/13 00:54:00","0","0","0","60","0","S","1"
"65000V204010","2016/08/13 00:54:00","0","3","1","0","0","L","0"
"65000V204010","2016/08/13 00:54:00","0","3","1","0","0","S","0"
"65000V204010","2016/08/13 00:54:00","0","5","1","0","0","L","0"
"65000V204010","2016/08/13 00:54:00","0","5","1","0","0","S","0"
"65000V204010","2016/08/13 00:54:00","0","4","1","49","2","L","0"
"65000V204010","2016/08/13 00:54:00","0","4","1","49","2","S","4"
"65000V207950","2016/08/13 00:54:00","3","2","0","-99","-99","L","-99"
"65000V207950","2016/08/13 00:54:00","3","2","0","-99","-99","S","-99"
"65000V207950","2016/08/13 00:54:00","3","0","0","-99","-99","L","-99"
"65000V207950","2016/08/13 00:54:00","3","0","0","-99","-99","S","-99"
"65000V207950","2016/08/13 00:54:00","3","1","0","-99","-99","L","-99"
"65000V207950","2016/08/13 00:54:00","3","1","0","-99","-99","S","-99"
"65000V207950","2016/08/13 00:54:00","3","5","1","-99","-99","L","-99"
"65000V207950","2016/08/13 00:54:00","3","5","1","-99","-99","S","-99"
"65000V207950","2016/08/13 00:54:00","3","3","1","-99","-99","L","-99"
"65000V207950","2016/08/13 00:54:00","3","3","1","-99","-99","S","-99"
"65000V207950","2016/08/13 00:54:00","3","4","1","-99","-99","L","-99"
"65000V207950","2016/08/13 00:54:00","3","4","1","-99","-99","S","-99"
"65000V215230","2016/08/13 00:54:00","2","0","0","-99","-99","L","-99"
"65000V215230","2016/08/13 00:54:00","2","0","0","-99","-99","S","-99"
"65000V215230","2016/08/13 00:54:00","2","2","0","-99","-99","L","-99"
"65000V215230","2016/08/13 00:54:00","2","2","0","-99","-99","S","-99"
"65000V215230","2016/08/13 00:54:00","2","1","0","-99","-99","L","-99"
"65000V215230","2016/08/13 00:54:00","2","1","0","-99","-99","S","-99"
"65000V215230","2016/08/13 00:54:00","2","4","1","-99","-99","L","-99"
"65000V215230","2016/08/13 00:54:00","2","4","1","-99","-99","S","-99"
"65000V215230","2016/08/13 00:54:00","2","3","1","-99","-99","L","-99"
"65000V215230","2016/08/13 00:54:00","2","3","1","-99","-99","S","-99"
"65000V215230","2016/08/13 00:54:00","2","5","1","-99","-99","L","-99"
"65000V215230","2016/08/13 00:54:00","2","5","1","-99","-99","S","-99"
"65000V222570","2016/08/13 00:54:00","0","0","0","0","0","L","0"
"65000V222570","2016/08/13 00:54:00","0","0","0","0","0","S","0"
"65000V222570","2016/08/13 00:54:00","0","1","1","46","2","L","1"
"65000V222570","2016/08/13 00:54:00","0","1","1","46","2","S","2"
"65000V314420","2016/08/13 00:54:00","0","0","0","0","0","L","0"
"65000V314420","2016/08/13 00:54:00","0","0","0","0","0","S","0"
"65000V314420","2016/08/13 00:54:00","0","1","1","0","0","L","0"
"65000V314420","2016/08/13 00:54:00","0","1","1","0","0","S","0"
"65000VT01160","2016/08/13 00:54:00","3","2","0","-99","-99","L","-99"
"65000VT01160","2016/08/13 00:54:00","3","2","0","-99","-99","S","-99"
"65000VT01160","2016/08/13 00:54:00","3","0","0","-99","-99","L","-99"
"65000VT01160","2016/08/13 00:54:00","3","0","0","-99","-99","S","-99"
"65000VT01160","2016/08/13 00:54:00","3","1","0","-99","-99","L","-99"
"65000VT01160","2016/08/13 00:54:00","3","1","0","-99","-99","S","-99"
"65000VT01220","2016/08/13 00:54:00","0","2","0","62","2","L","0"
"65000VT01220","2016/08/13 00:54:00","0","2","0","62","2","S","6"
"65000VT01220","2016/08/13 00:54:00","0","1","0","65","3","L","0"
"65000VT01220","2016/08/13 00:54:00","0","1","0","65","3","S","8"
"65000VT01220","2016/08/13 00:54:00","0","0","0","57","4","L","0"
"65000VT01220","2016/08/13 00:54:00","0","0","0","57","4","S","9"
"65000VT01420","2016/08/13 00:54:00","0","1","0","71","3","L","0"
"65000VT01420","2016/08/13 00:54:00","0","1","0","71","3","S","11"
"65000VT01420","2016/08/13 00:54:00","0","0","0","59","7","L","1"
"65000VT01420","2016/08/13 00:54:00","0","0","0","59","7","S","11"
"65000VT01420","2016/08/13 00:54:00","0","2","1","71","1","L","0"
"65000VT01420","2016/08/13 00:54:00","0","2","1","71","1","S","3"
"65000VT01420","2016/08/13 00:54:00","0","3","1","62","2","L","0"
"65000VT01420","2016/08/13 00:54:00","0","3","1","62","2","S","6"
"65000VT01570","2016/08/13 00:54:00","0","0","0","0","0","L","0"
"65000VT01570","2016/08/13 00:54:00","0","0","0","0","0","S","0"
"65000VT01570","2016/08/13 00:54:00","0","1","0","0","0","L","0"
"65000VT01570","2016/08/13 00:54:00","0","1","0","0","0","S","0"
"65000VT01570","2016/08/13 00:54:00","0","2","0","0","0","L","0"
"65000VT01570","2016/08/13 00:54:00","0","2","0","0","0","S","0"
"65000VT01570","2016/08/13 00:54:00","0","4","1","0","0","L","0"
"65000VT01570","2016/08/13 00:54:00","0","4","1","0","0","S","0"
"65000VT01570","2016/08/13 00:54:00","0","3","1","0","0","L","0"
"65000VT01570","2016/08/13 00:54:00","0","3","1","0","0","S","0"
"65000VT01570","2016/08/13 00:54:00","0","5","1","0","0","L","0"
"65000VT01570","2016/08/13 00:54:00","0","5","1","0","0","S","0"
"65000VT16040","2016/08/13 00:54:00","0","0","0","0","0","L","0"
"65000VT16040","2016/08/13 00:54:00","0","0","0","0","0","S","0"
"65000VT16040","2016/08/13 00:54:00","0","1","0","18","0","L","0"
"65000VT16040","2016/08/13 00:54:00","0","1","0","18","0","S","2"
"65000VT16170","2016/08/13 00:54:00","0","0","0","66","0","L","0"
"65000VT16170","2016/08/13 00:54:00","0","0","0","66","0","S","1"
"65000VT16170","2016/08/13 00:54:00","0","1","0","68","0","L","0"
"65000VT16170","2016/08/13 00:54:00","0","1","0","68","0","S","2"
"65000VT16230","2016/08/13 00:54:00","0","1","0","0","0","L","0"
"65000VT16230","2016/08/13 00:54:00","0","1","0","0","0","S","0"
"65000VT16230","2016/08/13 00:54:00","0","0","0","49","1","L","0"
"65000VT16230","2016/08/13 00:54:00","0","0","0","49","1","S","3"
"65000VT16310","2016/08/13 00:54:00","0","2","0","0","0","L","0"
"65000VT16310","2016/08/13 00:54:00","0","2","0","0","0","S","0"
"65000VT16310","2016/08/13 00:54:00","0","0","0","71","0","L","0"
"65000VT16310","2016/08/13 00:54:00","0","0","0","71","0","S","1"
"65000VT16310","2016/08/13 00:54:00","0","1","0","64","1","L","0"
"65000VT16310","2016/08/13 00:54:00","0","1","0","64","1","S","2"
"65000VT16310","2016/08/13 00:54:00","0","4","1","-99","-99","L","-99"
"65000VT16310","2016/08/13 00:54:00","0","4","1","-99","-99","S","-99"
"65000VT16310","2016/08/13 00:54:00","0","3","1","60","0","L","0"
"65000VT16310","2016/08/13 00:54:00","0","3","1","60","0","S","1"
"65000VT16510","2016/08/13 00:54:00","0","0","0","77","0","L","0"
"65000VT16510","2016/08/13 00:54:00","0","0","0","77","0","S","1"
"65000VT16510","2016/08/13 00:54:00","0","1","0","67","0","L","0"
"65000VT16510","2016/08/13 00:54:00","0","1","0","67","0","S","1"
"65000VT16510","2016/08/13 00:54:00","0","2","0","0","0","L","0"
"65000VT16510","2016/08/13 00:54:00","0","2","0","0","0","S","0"
"65000VT16510","2016/08/13 00:54:00","0","4","1","0","0","L","0"
"65000VT16510","2016/08/13 00:54:00","0","4","1","0","0","S","0"
"65000VT16510","2016/08/13 00:54:00","0","3","1","85","0","L","0"
"65000VT16510","2016/08/13 00:54:00","0","3","1","85","0","S","1"
"65000VT16900","2016/08/13 00:54:00","0","2","0","65","1","L","0"
"65000VT16900","2016/08/13 00:54:00","0","2","0","65","1","S","1"
"65000VT16900","2016/08/13 00:54:00","0","1","0","79","1","L","0"
"65000VT16900","2016/08/13 00:54:00","0","1","0","79","1","S","2"
"65000VT16900","2016/08/13 00:54:00","0","0","0","64","2","L","0"
"65000VT16900","2016/08/13 00:54:00","0","0","0","64","2","S","3"
"65000VT16900","2016/08/13 00:54:00","0","3","1","0","0","L","0"
"65000VT16900","2016/08/13 00:54:00","0","3","1","0","0","S","0"
"65000VT16900","2016/08/13 00:54:00","0","4","1","74","1","L","0"
"65000VT16900","2016/08/13 00:54:00","0","4","1","74","1","S","3"
"65000VT17100","2016/08/13 00:54:00","3","0","0","-99","-99","L","-99"
"65000VT17100","2016/08/13 00:54:00","3","0","0","-99","-99","S","-99"
"65000VT17100","2016/08/13 00:54:00","3","1","0","-99","-99","L","-99"
"65000VT17100","2016/08/13 00:54:00","3","1","0","-99","-99","S","-99"
"65000VT17100","2016/08/13 00:54:00","3","2","1","-99","-99","L","-99"
"65000VT17100","2016/08/13 00:54:00","3","2","1","-99","-99","S","-99"
"65000VT17100","2016/08/13 00:54:00","3","3","1","-99","-99","L","-99"
"65000VT17100","2016/08/13 00:54:00","3","3","1","-99","-99","S","-99"
"65000VT17300","2016/08/13 00:54:00","0","0","0","84","1","L","0"
"65000VT17300","2016/08/13 00:54:00","0","0","0","84","1","S","1"
"65000VT17300","2016/08/13 00:54:00","0","1","0","75","1","L","0"
"65000VT17300","2016/08/13 00:54:00","0","1","0","75","1","S","3"
"65000VT17300","2016/08/13 00:54:00","0","3","1","0","0","L","0"
"65000VT17300","2016/08/13 00:54:00","0","3","1","0","0","S","0"
"65000VT17300","2016/08/13 00:54:00","0","2","1","0","0","L","0"
"65000VT17300","2016/08/13 00:54:00","0","2","1","0","0","S","0"
"65000VT17440","2016/08/13 00:54:00","0","1","0","-99","-99","L","-99"
"65000VT17440","2016/08/13 00:54:00","0","1","0","-99","-99","S","-99"
"65000VT17440","2016/08/13 00:54:00","0","0","0","-99","-99","L","-99"
"65000VT17440","2016/08/13 00:54:00","0","0","0","-99","-99","S","-99"
"65000VT20210","2016/08/13 00:54:00","3","1","0","-99","-99","L","-99"
"65000VT20210","2016/08/13 00:54:00","3","1","0","-99","-99","S","-99"
"65000VT20210","2016/08/13 00:54:00","3","0","0","-99","-99","L","-99"
"65000VT20210","2016/08/13 00:54:00","3","0","0","-99","-99","S","-99"
"65000VT34500","2016/08/13 00:54:00","3","1","0","-99","-99","L","-99"
"65000VT34500","2016/08/13 00:54:00","3","1","0","-99","-99","S","-99"
"65000VT34500","2016/08/13 00:54:00","3","0","0","-99","-99","L","-99"
"65000VT34500","2016/08/13 00:54:00","3","0","0","-99","-99","S","-99"
"65000VT64320","2016/08/13 00:54:00","0","1","0","0","0","L","0"
"65000VT64320","2016/08/13 00:54:00","0","1","0","0","0","S","0"
"65000VT64320","2016/08/13 00:54:00","0","0","0","0","0","L","0"
"65000VT64320","2016/08/13 00:54:00","0","0","0","0","0","S","0"
"65000VT64320","2016/08/13 00:54:00","0","3","1","0","0","L","0"
"65000VT64320","2016/08/13 00:54:00","0","3","1","0","0","S","0"
"65000VT64320","2016/08/13 00:54:00","0","2","1","0","0","L","0"
"65000VT64320","2016/08/13 00:54:00","0","2","1","0","0","S","0"
"65000VT64500","2016/08/13 00:54:00","0","1","0","75","0","L","0"
"65000VT64500","2016/08/13 00:54:00","0","1","0","75","0","S","1"
"65000VT64500","2016/08/13 00:54:00","0","0","0","55","1","L","1"
"65000VT64500","2016/08/13 00:54:00","0","0","0","55","1","S","1"
"65000VT64500","2016/08/13 00:54:00","0","2","1","72","0","L","0"
"65000VT64500","2016/08/13 00:54:00","0","2","1","72","0","S","2"
"65000VT64500","2016/08/13 00:54:00","0","3","1","66","2","L","0"
"65000VT64500","2016/08/13 00:54:00","0","3","1","66","2","S","5"
